Workbook
Name M2R_f: #REF!
Name Table42: #REF!
Name ___UKR1: #REF!
Name E_F: #REF!
Name CPIFA_f: #REF!
Name Table39: #REF!
Name _________UKR3: #REF!
Name GDPRM: #REF!
Name USAAY: #REF!
Name ENTS_f: #REF!
Name _____Tab1: #REF!
Name Taballgastables: #REF!
Name Table33: #REF!
Name CPIF: #REF!
Name DEPORM: #REF!
Name MBRY: #REF!
Name monprogparameters: #REF!
Name ___________tab07: #REF!
Name Table336: #REF!
Name ___tab07: #REF!
Name ______tab07: #REF!
Name TURNR_F: #REF!
Name BDEFM: #REF!
Name BDEF_f: #REF!
Name CREDRM: #REF!
Name CPISA_f: #REF!
Name MBR_f: #REF!
Name CPISY: #REF!
Name ENTP_P: #REF!
Name WAGC: #REF!
Name CPINF_F: #REF!
Name DD_f: #REF!
Name ENTLY: #REF!
Name DEPO: #REF!
Name M3R_f: #REF!
Name GDPNC_f: #REF!
Name TabFcredit2010: #REF!
Name Table32: #REF!
Name f: #REF!
Name TabFcredit2007: #REF!
Name т17.7: #REF!
Name GDP_F: #REF!
Name main_m: #REF!
Name CPImov_f: #REF!
Name GOODS_f: #REF!
Name Table44: #REF!
Name M3m_f: #REF!
Name _______Tab1: #REF!
Name TURNY: #REF!
Name CPINFMY: #REF!
Name HERE: #REF!
Name Table38: #REF!
Name RevB: #REF!
Name _UKR2: #REF!
Name M3YND: #REF!
Name NAMESA: #REF!
Name trade_figure: #REF!
Name DEPOM: #REF!
Name CREDYN: #REF!
Name DEPOY: #REF!

Sheet 0
A1: 1
A2: УКР
A3: ENG
B4: =IF(A1=1,"ЦІНИ","PRICES") -> ЦІНИ
D6: =IF(A1=1,"Індекс споживчих цін (зміна показника)","Consumer price indices (indicator change)") -> Індекс споживчих цін (зміна показника) | F6: =IF(A1=1,"Місяць","Month") -> Місяць | H6: 1 | I6: =IF(A1=1,"до попереднього місяця, %","to the previous month, %") -> до попереднього місяця, %
H7: 2 | I7: =IF(A1=1,"до грудня попереднього року, %","to December of the previous year, %") -> до грудня попереднього року, %
H8: 3 | I8: =IF(A1=1,"до відповідного періоду попереднього року, кумулятивно, %","to соrresponding period of the previous year, cumulative, %") -> до відповідного періоду попереднього року, кумулятивно, %
H9: 4 | I9: =IF(A1=1,"до відповідного місяця попереднього року, %","to соrresponding month of the previous year, %") -> до відповідного місяця попереднього року, %
F12: =IF(A1=1,"Квартал","Quarter") -> Квартал | H12: 1 | I12: =IF(A1=1,"до грудня попереднього року, %","to December of the previous year, %") -> до грудня попереднього року, %
F14: =IF(A1=1,"Рік ","Year") -> Рік | H14: '1'!A1 | I14: грудень до грудня, %
H15: '2'!A1 | I15: рік до попереднього року, %
H16: '3'!A1 | I16: вагова структура

Sheet 1
A1: до змісту
C4: 44016 | D4: 44381 | E4: 44746 | F4: 45111 | G4: 45477
A5: =IF('0'!A1=1,"Індекс споживчих цін (грудень до грудня попереднього року, %)","Consumer price indices (December to December of the previous year, %)") -> Індекс споживчих цін (грудень до грудня попереднього року, %) | C5: 5 | D5: 10 | E5: 26.6 | F5: 5.1 | G5: 12
A6: =IF('0'!A1=1,"ТОВАРНІ ГРУПИ*","PRODUCTS GROUPS*") -> ТОВАРНІ ГРУПИ* | B6: =IF('0'!A1=1,"Продукти харчування та безалкогольні напої","Food and non-alcoholic beverages") -> Продукти харчування та безалкогольні напої | C6: 4.9 | D6: 12.7 | E6: 34.4 | F6: 4 | G6: 14.1
B7: =IF('0'!A1=1,"Алкогольні напої, тютюнові вироби","Alcoholic beverages, tobacco") -> Алкогольні напої, тютюнові вироби | C7: 9.2 | D7: 9.4 | E7: 22.7 | F7: 9.6 | G7: 13.2
B8: =IF('0'!A1=1,"Одяг і взуття","Clothing and footwear") -> Одяг і взуття | C8: -7.3 | D8: -3.5 | E8: 2.4 | F8: -6.3 | G8: -4.3
B9: =IF('0'!A1=1,"Житло, вода, електроенергія, газ та інші види палива","Housing, water, electricity, gas and other fuels") -> Житло, вода, електроенергія, газ та інші види палива | C9: 13.6 | D9: 9.8 | E9: 6 | F9: 12.8 | G9: 18.9
B10: =IF('0'!A1=1,"Предмети домашнього вжитку, побутова техніка та поточне утримання житла","Furnishings, household equipment and routine maintenance of the house") -> Предмети домашнього вжитку, побутова техніка та поточне утримання житла | C10: 0.5 | D10: 4.2 | E10: 26.5 | F10: 0.7 | G10: 2.1
B11: =IF('0'!A1=1,"Охорона здоров’я","Health") -> Охорона здоров’я | C11: 7.7 | D11: 6.1 | E11: 19.9 | F11: 8.7 | G11: 13.2
B12: =IF('0'!A1=1,"Транспорт","Transport") -> Транспорт | C12: 2.7 | D12: 11.1 | E12: 42.9 | F12: 3.2 | G12: 7.1
B13: =IF('0'!A1=1,"Зв’язок","Communication") -> Зв’язок | C13: 4.1 | D13: 7.4 | E13: 13.4 | F13: 1.5 | G13: 9.1
B14: =IF('0'!A1=1,"Відпочинок і культура","Recreation and culture") -> Відпочинок і культура | C14: 0.1 | D14: 5 | E14: 15.9 | F14: -1.1 | G14: 1
B15: =IF('0'!A1=1,"Освіта","Education") -> Освіта | C15: 13.9 | D15: 17 | E15: 9.8 | F15: 12.8 | G15: 12
B16: =IF('0'!A1=1,"Ресторани та готелі","Restaurants and hotels") -> Ресторани та готелі | C16: 3.7 | D16: 9 | E16: 22.5 | F16: 13 | G16: 13.2
B17: =IF('0'!A1=1,"Різні товари та послуги","Miscellaneous goods and services") -> Різні товари та послуги | C17: 6 | D17: 9.1 | E17: 17.8 | F17: 11.3 | G17: 9.7
B18: =IF('0'!A1=1,"Дніпропетровська","Dnipropetrovsk") -> Дніпропетровська | C18: 4.5 | D18: 9.6 | E18: 25.3 | F18: 4.7 | G18: 11.2
B19: =IF('0'!A1=1,"Львівська","Lviv") -> Львівська | C19: 5.3 | D19: 8.9 | E19: 26.4 | F19: 5 | G19: 11.8
B20: =IF('0'!A1=1,"Одеська","Odesa") -> Одеська | C20: 4.4 | D20: 10.4 | E20: 25.2 | F20: 4 | G20: 11.6
B21: =IF('0'!A1=1,"Харківська","Kharkiv") -> Харківська | C21: 5.2 | D21: 10.1 | E21: 25.3 | F21: 5.5 | G21: 12
B22: =IF('0'!A1=1,"м. Київ","Kyiv city") -> м. Київ | C22: 5.8 | D22: 9.7 | E22: 27.4 | F22: 6.3 | G22: 13.5
A24: =IF('0'!A1=1,"* Починаючи з 2014 року дані наведено без урахування тимчасово окупованої території Автономної Республіки Крим, м. Севастополя. Починаючи з 2015 року також без частини тимчасово окупованих територій у Донецькій та Луганській областях.","* Since 2014 data are presented excluding the temporarily occupied territories, the Autonomous Republic of Crimea and the city of Sevastopol. Since 2015 also exclude a part of temporarily occupied territories in the Donetsk and Luhansk regions.") -> * Починаючи з 2014 року дані наведено без урахування тимчасово окупованої території Автономної Республіки Крим, м. Севастополя. Починаючи з 2015 року також без частини тимчасово окупованих територій у Донецькій та Луганській областях.

Sheet 2
A1: до змісту
C2: 44016 | D2: 44381 | E2: 44746 | F2: 45111 | G2: 45477
A3: =IF('0'!A1=1,"Індекс споживчих цін (рік до попереднього року, %)","Consumer price indices (year to the previous year , %)") -> Індекс споживчих цін (рік до попереднього року, %) | C3: 2.7 | D3: 9.4 | E3: 20.2 | F3: 12.9 | G3: 6.5
A4: =IF('0'!A1=1,"ТОВАРНІ ГРУПИ*","PRODUCTS GROUPS*") -> ТОВАРНІ ГРУПИ* | B4: =IF('0'!A1=1,"Продукти харчування та безалкогольні напої","Food and non-alcoholic beverages") -> Продукти харчування та безалкогольні напої | C4: 2.7 | D4: 10.8 | E4: 26.6 | F4: 14.7 | G4: 4.9
B5: =IF('0'!A1=1,"Алкогольні напої, тютюнові вироби","Alcoholic beverages, tobacco") -> Алкогольні напої, тютюнові вироби | C5: 10.7 | D5: 9.8 | E5: 17.4 | F5: 14.6 | G5: 9.1
B6: =IF('0'!A1=1,"Одяг і взуття","Clothing and footwear") -> Одяг і взуття | C6: -4.6 | D6: -4.5 | E6: -2.7 | F6: -0.5 | G6: -5.5
B7: =IF('0'!A1=1,"Житло, вода, електроенергія, газ та інші види палива","Housing, water, electricity, gas and other fuels") -> Житло, вода, електроенергія, газ та інші види палива | C7: -3 | D7: 23.2 | E7: 5.1 | F7: 10 | G7: 16.4
B8: =IF('0'!A1=1,"Предмети домашнього вжитку, побутова техніка та поточне утримання житла","Furnishings, household equipment and routine maintenance of the house") -> Предмети домашнього вжитку, побутова техніка та поточне утримання житла | C8: -0.7 | D8: 2.9 | E8: 16.1 | F8: 12.7 | G8: 0
B9: =IF('0'!A1=1,"Охорона здоров’я","Health") -> Охорона здоров’я | C9: 5.3 | D9: 6.6 | E9: 14.5 | F9: 12.8 | G9: 10.7
B10: =IF('0'!A1=1,"Транспорт","Transport") -> Транспорт | C10: -1.9 | D10: 10 | E10: 31.8 | F10: 12.1 | G10: 7.2
B11: =IF('0'!A1=1,"Зв’язок","Communication") -> Зв’язок | C11: 6.5 | D11: 5.2 | E11: 10.9 | F11: 7.8 | G11: 2.5
B12: =IF('0'!A1=1,"Відпочинок і культура","Recreation and culture") -> Відпочинок і культура | C12: -1.8 | D12: 3.3 | E12: 10.9 | F12: 7.3 | G12: -1.3
B13: =IF('0'!A1=1,"Освіта","Education") -> Освіта | C13: 13.6 | D13: 15.3 | E13: 14.1 | F13: 10.7 | G13: 11.9
B14: =IF('0'!A1=1,"Ресторани та готелі","Restaurants and hotels") -> Ресторани та готелі | C14: 5.9 | D14: 6.1 | E14: 16.1 | F14: 18.5 | G14: 11.6
B15: =IF('0'!A1=1,"Різні товари та послуги","Miscellaneous goods and services") -> Різні товари та послуги | C15: 6.4 | D15: 6.5 | E15: 14 | F15: 15.6 | G15: 9.1
A17: ='1'!A24:B24 -> * Починаючи з 2014 року дані наведено без урахування тимчасово окупованої території Автономної Республіки Крим, м. Севастополя. Починаючи з 2015 року також без частини тимчасово окупованих територій у Донецькій та Луганській областях.

Sheet 3
A1: до змісту
C2: 44927
A3: =IF('0'!A1=1,"Індекс споживчих цін (вагова структура для розрахунку ІСЦ, %)","Consumer price indices (year to the previous year , %)") -> Індекс споживчих цін (вагова структура для розрахунку ІСЦ, %) | C3: 100
A4: =IF('0'!A1=1,"ТОВАРНІ ГРУПИ*","PRODUCTS GROUPS*") -> ТОВАРНІ ГРУПИ* | B4: =IF('0'!A1=1,"Продукти харчування та безалкогольні напої","Food and non-alcoholic beverages") -> Продукти харчування та безалкогольні напої | C4: 39.976421
B5: =IF('0'!A1=1,"Алкогольні напої, тютюнові вироби","Alcoholic beverages, tobacco") -> Алкогольні напої, тютюнові вироби | C5: 7.8074577
B6: =IF('0'!A1=1,"Одяг і взуття","Clothing and footwear") -> Одяг і взуття | C6: 3.725323
B7: =IF('0'!A1=1,"Житло, вода, електроенергія, газ та інші види палива","Housing, water, electricity, gas and other fuels") -> Житло, вода, електроенергія, газ та інші види палива | C7: 9.8007223
B8: =IF('0'!A1=1,"Предмети домашнього вжитку, побутова техніка та поточне утримання житла","Furnishings, household equipment and routine maintenance of the house") -> Предмети домашнього вжитку, побутова техніка та поточне утримання житла | C8: 4.5768551
B9: =IF('0'!A1=1,"Охорона здоров’я","Health") -> Охорона здоров’я | C9: 9.3956198
B10: =IF('0'!A1=1,"Транспорт","Transport") -> Транспорт | C10: 9.6280274
B11: =IF('0'!A1=1,"Зв’язок","Communication") -> Зв’язок | C11: 2.9932162
B12: =IF('0'!A1=1,"Відпочинок і культура","Recreation and culture") -> Відпочинок і культура | C12: 3.6636904
B13: =IF('0'!A1=1,"Освіта","Education") -> Освіта | C13: 1.3072684
B14: =IF('0'!A1=1,"Ресторани та готелі","Restaurants and hotels") -> Ресторани та готелі | C14: 2.8144686
B15: =IF('0'!A1=1,"Різні товари та послуги","Miscellaneous goods and services") -> Різні товари та послуги | C15: 4.3109303
A17: ='1'!A24:B24 -> * Починаючи з 2014 року дані наведено без урахування тимчасово окупованої території Автономної Республіки Крим, м. Севастополя. Починаючи з 2015 року також без частини тимчасово окупованих територій у Донецькій та Луганській областях.
A18: Починаючи з 2016 року здійснено перехід на вагову структуру, яка базується на даних національних рахунків щодо витрат домогосподарств на кінцеве споживання на рівні агрегатів – розділів, груп і класів за Класифікацією індивідуального споживання за цілями (КІСЦ). Для подальшого розподілу використовується деталізована інформація щодо споживчих грошових витрат домогосподарств за результатами обстежень умов життя домогосподарств.
